-- phpMyAdmin SQL Dump
-- version 5.0.2
-- https://www.phpmyadmin.net/
--
-- Host: 127.0.0.1
-- Generation Time: Nov 23, 2021 at 05:34 PM
-- Server version: 10.4.13-MariaDB
-- PHP Version: 7.2.31

SET SQL_MODE = "NO_AUTO_VALUE_ON_ZERO";
START TRANSACTION;
SET time_zone = "+00:00";


/*!40101 SET @OLD_CHARACTER_SET_CLIENT=@@CHARACTER_SET_CLIENT */;
/*!40101 SET @OLD_CHARACTER_SET_RESULTS=@@CHARACTER_SET_RESULTS */;
/*!40101 SET @OLD_COLLATION_CONNECTION=@@COLLATION_CONNECTION */;
/*!40101 SET NAMES utf8mb4 */;

--
-- Database: `cardb`
--

-- --------------------------------------------------------

--
-- Table structure for table `brand`
--

CREATE TABLE `brand` (
  `brand_id` int(11) NOT NULL,
  `brand_name` varchar(50) NOT NULL
) ENGINE=InnoDB DEFAULT CHARSET=utf8mb4;

--
-- Dumping data for table `brand`
--

INSERT INTO `brand` (`brand_id`, `brand_name`) VALUES
(6, ' '),
(8, 'Toyota'),
(9, 'Trane'),
(10, 'PTT'),
(11, 'Elf'),
(12, 'Honda');

-- --------------------------------------------------------

--
-- Table structure for table `category`
--

CREATE TABLE `category` (
  `category_id` int(11) NOT NULL,
  `category_name` varchar(255) NOT NULL
) ENGINE=InnoDB DEFAULT CHARSET=utf8mb4;

--
-- Dumping data for table `category`
--

INSERT INTO `category` (`category_id`, `category_name`) VALUES
(5, 'Engine Oil'),
(6, 'Steering Wheel Cover'),
(7, 'Leather Car Seat'),
(8, 'Key Chains'),
(9, 'Air Filter'),
(10, 'Car Body Cover'),
(11, 'Cat Mats');

-- --------------------------------------------------------

--
-- Table structure for table `customer`
--

CREATE TABLE `customer` (
  `customer_id` int(30) NOT NULL,
  `customer_name` varchar(50) NOT NULL,
  `email` varchar(50) NOT NULL,
  `password` varchar(255) NOT NULL,
  `address` varchar(255) NOT NULL,
  `phone_no` int(15) NOT NULL
) ENGINE=InnoDB DEFAULT CHARSET=utf8mb4;

--
-- Dumping data for table `customer`
--

INSERT INTO `customer` (`customer_id`, `customer_name`, `email`, `password`, `address`, `phone_no`) VALUES
(3, 'dg', 'klsasdfdads@gmail.com', '123', 'asdfasdf', 1621351),
(4, 'b', 'aklsdjl@gmail.com', '123', 'california\r\n', 16213);

-- --------------------------------------------------------

--
-- Table structure for table `delivery`
--

CREATE TABLE `delivery` (
  `delivery_id` int(11) NOT NULL,
  `order_id` int(11) NOT NULL,
  `delivery_date` varchar(50) NOT NULL,
  `staff_id` int(11) NOT NULL
) ENGINE=InnoDB DEFAULT CHARSET=utf8mb4;

--
-- Dumping data for table `delivery`
--

INSERT INTO `delivery` (`delivery_id`, `order_id`, `delivery_date`, `staff_id`) VALUES
(2, 15, '2021-11-12', 4),
(3, 16, '2021-11-12', 3),
(4, 15, '2021-11-12', 3),
(5, 15, '2021-11-12', 3),
(6, 15, '2021-11-12', 3),
(7, 15, '2021-11-12', 3),
(8, 15, '2021-11-12', 3),
(9, 15, '2021-11-12', 3),
(10, 15, '2021-11-12', 3),
(11, 15, '2021-11-12', 3),
(12, 15, '2021-11-12', 3),
(13, 15, '2021-11-12', 3),
(14, 15, '2021-11-12', 3),
(15, 15, '2021-11-12', 3),
(16, 15, '2021-11-12', 3),
(17, 15, '2021-11-12', 3),
(18, 15, '2021-11-12', 3),
(19, 15, '2021-11-12', 3),
(20, 15, '2021-11-12', 3),
(21, 15, '2021-11-12', 3),
(22, 15, '2021-11-12', 3),
(23, 15, '2021-11-12', 3),
(24, 15, '2021-11-12', 3),
(25, 15, '2021-11-12', 3),
(26, 15, '2021-11-12', 3),
(27, 15, '2021-11-12', 3),
(28, 15, '2021-11-12', 3),
(29, 15, '2021-11-12', 3),
(30, 15, '2021-11-12', 3),
(31, 15, '2021-11-12', 3),
(32, 15, '2021-11-12', 3),
(33, 15, '2021-11-12', 3),
(34, 15, '2021-11-12', 3),
(35, 15, '2021-11-12', 3),
(36, 15, '2021-11-12', 3),
(37, 15, '2021-11-12', 3),
(38, 15, '2021-11-12', 3),
(39, 15, '2021-11-12', 3),
(40, 15, '2021-11-12', 3),
(41, 15, '2021-11-12', 3),
(42, 15, '2021-11-12', 3),
(43, 15, '2021-11-12', 3),
(44, 15, '2021-11-12', 3),
(45, 15, '2021-11-12', 3),
(46, 15, '2021-11-12', 3),
(47, 15, '2021-11-12', 3),
(48, 15, '2021-11-12', 3),
(49, 15, '2021-11-12', 3),
(50, 15, '2021-11-12', 3),
(51, 15, '2021-11-12', 3),
(52, 15, '2021-11-12', 3),
(53, 15, '2021-11-12', 3),
(54, 15, '2021-11-12', 3),
(55, 15, '2021-11-12', 3),
(56, 15, '2021-11-12', 3),
(57, 15, '2021-11-12', 3),
(58, 15, '2021-11-12', 3),
(59, 15, '2021-11-12', 3),
(60, 15, '2021-11-12', 3),
(61, 15, '2021-11-12', 3),
(62, 15, '2021-11-12', 3),
(63, 15, '2021-11-12', 3),
(64, 15, '2021-11-12', 3),
(65, 15, '2021-11-12', 3),
(66, 15, '2021-11-12', 3),
(67, 15, '2021-11-12', 3),
(68, 15, '2021-11-12', 3),
(69, 15, '2021-11-12', 3),
(70, 15, '2021-11-12', 3),
(71, 15, '2021-11-12', 3),
(72, 15, '2021-11-12', 3),
(73, 15, '2021-11-12', 3),
(74, 15, '2021-11-12', 3),
(75, 15, '2021-11-12', 3),
(76, 15, '2021-11-12', 3),
(77, 15, '2021-11-12', 3),
(78, 15, '2021-11-12', 3),
(79, 15, '2021-11-12', 3),
(80, 15, '2021-11-12', 3),
(81, 15, '2021-11-12', 3),
(82, 15, '2021-11-12', 3),
(83, 15, '2021-11-12', 3),
(84, 15, '2021-11-12', 3),
(85, 15, '2021-11-12', 3),
(86, 15, '2021-11-12', 3),
(87, 15, '2021-11-12', 3),
(88, 15, '2021-11-12', 3),
(89, 15, '2021-11-12', 3),
(90, 15, '2021-11-12', 3),
(91, 15, '2021-11-12', 3),
(92, 15, '2021-11-12', 3),
(93, 15, '2021-11-12', 3),
(94, 15, '2021-11-12', 3),
(95, 15, '2021-11-12', 3),
(96, 15, '2021-11-12', 3),
(97, 15, '2021-11-12', 3),
(98, 15, '2021-11-12', 3),
(99, 15, '2021-11-12', 3),
(100, 15, '2021-11-12', 3),
(101, 15, '2021-11-12', 3),
(102, 15, '2021-11-12', 3),
(103, 15, '2021-11-12', 3),
(104, 15, '2021-11-12', 3),
(105, 15, '2021-11-12', 3),
(106, 15, '2021-11-12', 3),
(107, 15, '2021-11-12', 3),
(108, 15, '2021-11-12', 3),
(109, 15, '2021-11-12', 3),
(110, 15, '2021-11-12', 3),
(111, 15, '2021-11-12', 3),
(112, 15, '2021-11-12', 3),
(113, 15, '2021-11-12', 3),
(114, 15, '2021-11-12', 3),
(115, 15, '2021-11-12', 3),
(116, 15, '2021-11-12', 3),
(117, 15, '2021-11-12', 3),
(118, 15, '2021-11-12', 3),
(119, 15, '2021-11-12', 3),
(120, 15, '2021-11-12', 3),
(121, 15, '2021-11-12', 3),
(122, 15, '2021-11-12', 3),
(123, 15, '2021-11-12', 3),
(124, 15, '2021-11-12', 3),
(125, 15, '2021-11-12', 3),
(126, 15, '2021-11-12', 3),
(127, 15, '2021-11-12', 3),
(128, 15, '2021-11-12', 3),
(129, 15, '2021-11-12', 3),
(130, 15, '2021-11-12', 3),
(131, 15, '2021-11-12', 3),
(132, 15, '2021-11-12', 3),
(133, 15, '2021-11-12', 3),
(134, 15, '2021-11-12', 3),
(135, 15, '2021-11-12', 3),
(136, 15, '2021-11-12', 3),
(137, 15, '2021-11-12', 3),
(138, 15, '2021-11-12', 3),
(139, 15, '2021-11-12', 3),
(140, 15, '2021-11-12', 3),
(141, 15, '2021-11-12', 3),
(142, 15, '2021-11-12', 3),
(143, 15, '2021-11-12', 3),
(144, 15, '2021-11-12', 3),
(145, 15, '2021-11-12', 3),
(146, 15, '2021-11-12', 3),
(147, 15, '2021-11-12', 3),
(148, 15, '2021-11-12', 3),
(149, 15, '2021-11-12', 3),
(150, 15, '2021-11-12', 3),
(151, 15, '2021-11-12', 3),
(152, 15, '2021-11-12', 3),
(153, 15, '2021-11-12', 3),
(154, 15, '2021-11-12', 3),
(155, 15, '2021-11-12', 3),
(156, 15, '2021-11-12', 3),
(157, 15, '2021-11-12', 3),
(158, 15, '2021-11-12', 3),
(159, 15, '2021-11-12', 3),
(160, 15, '2021-11-12', 3),
(161, 15, '2021-11-12', 3),
(162, 15, '2021-11-12', 3),
(163, 15, '2021-11-12', 3),
(164, 15, '2021-11-12', 3),
(165, 15, '2021-11-12', 3),
(166, 15, '2021-11-12', 3),
(167, 15, '2021-11-12', 3),
(168, 15, '2021-11-12', 3),
(169, 15, '2021-11-12', 3),
(170, 15, '2021-11-12', 3),
(171, 15, '2021-11-12', 3),
(172, 15, '2021-11-12', 3),
(173, 15, '2021-11-12', 3),
(174, 15, '2021-11-12', 3),
(175, 15, '2021-11-12', 3),
(176, 15, '2021-11-12', 3),
(177, 15, '2021-11-12', 3),
(178, 15, '2021-11-12', 3),
(179, 15, '2021-11-12', 3),
(180, 15, '2021-11-12', 3),
(181, 15, '2021-11-12', 3),
(182, 15, '2021-11-12', 3),
(183, 15, '2021-11-12', 3),
(184, 15, '2021-11-12', 3),
(185, 15, '2021-11-12', 3),
(186, 15, '2021-11-12', 3),
(187, 15, '2021-11-12', 3),
(188, 15, '2021-11-12', 3),
(189, 15, '2021-11-12', 3),
(190, 15, '2021-11-12', 3),
(191, 15, '2021-11-12', 3),
(192, 15, '2021-11-12', 3),
(193, 15, '2021-11-12', 3),
(194, 15, '2021-11-12', 3),
(195, 15, '2021-11-12', 3),
(196, 15, '2021-11-12', 3),
(197, 15, '2021-11-12', 3),
(198, 15, '2021-11-12', 3),
(199, 15, '2021-11-12', 3),
(200, 15, '2021-11-12', 3),
(201, 15, '2021-11-12', 3),
(202, 15, '2021-11-12', 3),
(203, 15, '2021-11-12', 3),
(204, 15, '2021-11-12', 3),
(205, 15, '2021-11-12', 3),
(206, 15, '2021-11-12', 3),
(207, 15, '2021-11-12', 3),
(208, 15, '2021-11-12', 3),
(209, 15, '2021-11-12', 3),
(210, 15, '2021-11-12', 3),
(211, 15, '2021-11-12', 3),
(212, 15, '2021-11-12', 3),
(213, 15, '2021-11-12', 3),
(214, 15, '2021-11-12', 3),
(215, 15, '2021-11-12', 3),
(216, 15, '2021-11-12', 3),
(217, 15, '2021-11-12', 3),
(218, 15, '2021-11-12', 3),
(219, 15, '2021-11-12', 3),
(220, 15, '2021-11-12', 3),
(221, 15, '2021-11-12', 3),
(222, 15, '2021-11-12', 3),
(223, 15, '2021-11-12', 3),
(224, 15, '2021-11-12', 3),
(225, 15, '2021-11-12', 3),
(226, 15, '2021-11-12', 3),
(227, 15, '2021-11-12', 3),
(228, 15, '2021-11-12', 3),
(229, 15, '2021-11-12', 3),
(230, 15, '2021-11-12', 3),
(231, 15, '2021-11-12', 3),
(232, 15, '2021-11-12', 3),
(233, 15, '2021-11-12', 3),
(234, 15, '2021-11-12', 3),
(235, 15, '2021-11-12', 3),
(236, 15, '2021-11-12', 3),
(237, 15, '2021-11-12', 3),
(238, 15, '2021-11-12', 3),
(239, 15, '2021-11-12', 3),
(240, 15, '2021-11-12', 3),
(241, 15, '2021-11-12', 3),
(242, 15, '2021-11-12', 3),
(243, 15, '2021-11-12', 3),
(244, 15, '2021-11-12', 3),
(245, 15, '2021-11-12', 3),
(246, 15, '2021-11-12', 3),
(247, 15, '2021-11-12', 3),
(248, 15, '2021-11-12', 3),
(249, 15, '2021-11-12', 3),
(250, 15, '2021-11-12', 3),
(251, 15, '2021-11-12', 3),
(252, 15, '2021-11-12', 3),
(253, 15, '2021-11-12', 3),
(254, 15, '2021-11-12', 3),
(255, 15, '2021-11-12', 3),
(256, 15, '2021-11-12', 3),
(257, 15, '2021-11-12', 3),
(258, 15, '2021-11-12', 3),
(259, 15, '2021-11-12', 3),
(260, 15, '2021-11-12', 3),
(261, 15, '2021-11-12', 3),
(262, 15, '2021-11-12', 3),
(263, 15, '2021-11-12', 3),
(264, 15, '2021-11-12', 3),
(265, 15, '2021-11-12', 3),
(266, 15, '2021-11-12', 3),
(267, 15, '2021-11-12', 3),
(268, 15, '2021-11-12', 3),
(269, 15, '2021-11-12', 3),
(270, 15, '2021-11-12', 3),
(271, 15, '2021-11-12', 3),
(272, 15, '2021-11-12', 3),
(273, 15, '2021-11-12', 3),
(274, 15, '2021-11-12', 3),
(275, 15, '2021-11-12', 3),
(276, 15, '2021-11-12', 3),
(277, 15, '2021-11-12', 3),
(278, 15, '2021-11-12', 3),
(279, 15, '2021-11-12', 3),
(280, 15, '2021-11-12', 3),
(281, 15, '2021-11-12', 3),
(282, 15, '2021-11-12', 3),
(283, 15, '2021-11-12', 3),
(284, 15, '2021-11-12', 3),
(285, 15, '2021-11-12', 3),
(286, 15, '2021-11-12', 3),
(287, 15, '2021-11-12', 3),
(288, 15, '2021-11-12', 3),
(289, 15, '2021-11-12', 3),
(290, 15, '2021-11-12', 3),
(291, 15, '2021-11-12', 3),
(292, 15, '2021-11-12', 3),
(293, 15, '2021-11-12', 3),
(294, 15, '2021-11-12', 3),
(295, 15, '2021-11-12', 3),
(296, 15, '2021-11-12', 3),
(297, 15, '2021-11-12', 3),
(298, 15, '2021-11-12', 3),
(299, 15, '2021-11-12', 3),
(300, 15, '2021-11-12', 3),
(301, 15, '2021-11-12', 3),
(302, 15, '2021-11-12', 3),
(303, 15, '2021-11-12', 3),
(304, 15, '2021-11-12', 3),
(305, 15, '2021-11-12', 3),
(306, 15, '2021-11-12', 3),
(307, 15, '2021-11-12', 3),
(308, 15, '2021-11-12', 3),
(309, 15, '2021-11-12', 3),
(310, 15, '2021-11-12', 3),
(311, 15, '2021-11-12', 3),
(312, 15, '2021-11-12', 3),
(313, 15, '2021-11-12', 3),
(314, 15, '2021-11-12', 3),
(315, 15, '2021-11-12', 3),
(316, 15, '2021-11-12', 3),
(317, 15, '2021-11-12', 3),
(318, 15, '2021-11-12', 3),
(319, 15, '2021-11-12', 3),
(320, 15, '2021-11-12', 3),
(321, 15, '2021-11-12', 3),
(322, 15, '2021-11-12', 3),
(323, 15, '2021-11-12', 3),
(324, 15, '2021-11-12', 3),
(325, 15, '2021-11-12', 3),
(326, 15, '2021-11-12', 3),
(327, 15, '2021-11-12', 3),
(328, 15, '2021-11-12', 3),
(329, 15, '2021-11-12', 3),
(330, 15, '2021-11-12', 3),
(331, 15, '2021-11-12', 3),
(332, 15, '2021-11-12', 3),
(333, 15, '2021-11-12', 3),
(334, 15, '2021-11-12', 3),
(335, 15, '2021-11-12', 3),
(336, 15, '2021-11-12', 3),
(337, 15, '2021-11-12', 3),
(338, 15, '2021-11-12', 3),
(339, 15, '2021-11-12', 3),
(340, 15, '2021-11-12', 3),
(341, 15, '2021-11-12', 3),
(342, 15, '2021-11-12', 3),
(343, 15, '2021-11-12', 3),
(344, 15, '2021-11-12', 3),
(345, 15, '2021-11-12', 3),
(346, 15, '2021-11-12', 3),
(347, 15, '2021-11-12', 3),
(348, 15, '2021-11-12', 3),
(349, 15, '2021-11-12', 3),
(350, 15, '2021-11-12', 3),
(351, 15, '2021-11-12', 3),
(352, 15, '2021-11-12', 3),
(353, 15, '2021-11-12', 3),
(354, 15, '2021-11-12', 3),
(355, 15, '2021-11-12', 3),
(356, 15, '2021-11-12', 3),
(357, 15, '2021-11-12', 3),
(358, 15, '2021-11-12', 3),
(359, 15, '2021-11-12', 3),
(360, 15, '2021-11-12', 3),
(361, 15, '2021-11-12', 3),
(362, 15, '2021-11-12', 3),
(363, 15, '2021-11-12', 3),
(364, 15, '2021-11-12', 3),
(365, 15, '2021-11-12', 3),
(366, 15, '2021-11-12', 3),
(367, 15, '2021-11-12', 3),
(368, 15, '2021-11-12', 3),
(369, 15, '2021-11-12', 3),
(370, 15, '2021-11-12', 3),
(371, 15, '2021-11-12', 3),
(372, 15, '2021-11-12', 3),
(373, 15, '2021-11-12', 3),
(374, 15, '2021-11-12', 3),
(375, 15, '2021-11-12', 3),
(376, 15, '2021-11-12', 3),
(377, 15, '2021-11-12', 3),
(378, 15, '2021-11-12', 3),
(379, 15, '2021-11-12', 3),
(380, 15, '2021-11-12', 3),
(381, 15, '2021-11-12', 3),
(382, 17, '2021-11-12', 3),
(383, 17, '2021-11-12', 3),
(384, 17, '2021-11-12', 3),
(385, 17, '2021-11-12', 3),
(386, 17, '2021-11-12', 3),
(387, 17, '2021-11-12', 3),
(388, 17, '2021-11-12', 3),
(389, 17, '2021-11-12', 3),
(390, 17, '2021-11-12', 3),
(391, 17, '2021-11-12', 3),
(392, 17, '2021-11-12', 3),
(393, 17, '2021-11-12', 3),
(394, 17, '2021-11-12', 3),
(395, 17, '2021-11-12', 3),
(396, 17, '2021-11-12', 3),
(397, 17, '2021-11-12', 3),
(398, 17, '2021-11-12', 3),
(399, 17, '2021-11-12', 3),
(400, 17, '2021-11-12', 3),
(401, 17, '2021-11-12', 3),
(402, 17, '2021-11-12', 3),
(403, 17, '2021-11-12', 3),
(404, 17, '2021-11-12', 3),
(405, 17, '2021-11-12', 3),
(406, 17, '2021-11-12', 3),
(407, 17, '2021-11-12', 3),
(408, 17, '2021-11-12', 3),
(409, 17, '2021-11-12', 3),
(410, 17, '2021-11-12', 3),
(411, 17, '2021-11-12', 3),
(412, 17, '2021-11-12', 3),
(413, 17, '2021-11-12', 3),
(414, 17, '2021-11-12', 3),
(415, 17, '2021-11-12', 3),
(416, 17, '2021-11-12', 3),
(417, 17, '2021-11-12', 3),
(418, 17, '2021-11-12', 3),
(419, 17, '2021-11-12', 3),
(420, 17, '2021-11-12', 3),
(421, 17, '2021-11-12', 3),
(422, 17, '2021-11-12', 3),
(423, 17, '2021-11-12', 3),
(424, 17, '2021-11-12', 3),
(425, 17, '2021-11-12', 3),
(426, 17, '2021-11-12', 3),
(427, 17, '2021-11-12', 3),
(428, 17, '2021-11-12', 3),
(429, 17, '2021-11-12', 3),
(430, 17, '2021-11-12', 3),
(431, 17, '2021-11-12', 3),
(432, 17, '2021-11-12', 3),
(433, 17, '2021-11-12', 3),
(434, 17, '2021-11-12', 3),
(435, 17, '2021-11-12', 3),
(436, 17, '2021-11-12', 3),
(437, 17, '2021-11-12', 3),
(438, 17, '2021-11-12', 3),
(439, 17, '2021-11-12', 3),
(440, 17, '2021-11-12', 3),
(441, 17, '2021-11-12', 3),
(442, 17, '2021-11-12', 3),
(443, 17, '2021-11-12', 3),
(444, 17, '2021-11-12', 3),
(445, 17, '2021-11-12', 3),
(446, 17, '2021-11-12', 3),
(447, 17, '2021-11-12', 3),
(448, 17, '2021-11-12', 3),
(449, 17, '2021-11-12', 3),
(450, 17, '2021-11-12', 3),
(451, 17, '2021-11-12', 3),
(452, 17, '2021-11-12', 3),
(453, 17, '2021-11-12', 3),
(454, 17, '2021-11-12', 3),
(455, 17, '2021-11-12', 3),
(456, 17, '2021-11-12', 3),
(457, 17, '2021-11-12', 3),
(458, 17, '2021-11-12', 3),
(459, 17, '2021-11-12', 3),
(460, 17, '2021-11-12', 3),
(461, 17, '2021-11-12', 3),
(462, 17, '2021-11-12', 3),
(463, 17, '2021-11-12', 3),
(464, 17, '2021-11-12', 3),
(465, 17, '2021-11-12', 3),
(466, 17, '2021-11-12', 3),
(467, 17, '2021-11-12', 3),
(468, 17, '2021-11-12', 3),
(469, 17, '2021-11-12', 3),
(470, 17, '2021-11-12', 3),
(471, 17, '2021-11-12', 3),
(472, 17, '2021-11-12', 3),
(473, 17, '2021-11-12', 3),
(474, 17, '2021-11-12', 3),
(475, 17, '2021-11-12', 3),
(476, 17, '2021-11-12', 3),
(477, 17, '2021-11-12', 3),
(478, 17, '2021-11-12', 3),
(479, 17, '2021-11-12', 3),
(480, 17, '2021-11-12', 3),
(481, 17, '2021-11-12', 3),
(482, 17, '2021-11-12', 3),
(483, 17, '2021-11-12', 3),
(484, 17, '2021-11-12', 3),
(485, 17, '2021-11-12', 3),
(486, 17, '2021-11-12', 3),
(487, 17, '2021-11-12', 3),
(488, 17, '2021-11-12', 3),
(489, 17, '2021-11-12', 3),
(490, 17, '2021-11-12', 3),
(491, 17, '2021-11-12', 3),
(492, 17, '2021-11-12', 3),
(493, 17, '2021-11-12', 3),
(494, 17, '2021-11-12', 3),
(495, 17, '2021-11-12', 3),
(496, 17, '2021-11-12', 3),
(497, 17, '2021-11-12', 3),
(498, 17, '2021-11-12', 3),
(499, 17, '2021-11-12', 3),
(500, 17, '2021-11-12', 3),
(501, 17, '2021-11-12', 3),
(502, 17, '2021-11-12', 3),
(503, 17, '2021-11-12', 3),
(504, 17, '2021-11-12', 3),
(505, 17, '2021-11-12', 3),
(506, 17, '2021-11-12', 3),
(507, 17, '2021-11-12', 3),
(508, 17, '2021-11-12', 3),
(509, 17, '2021-11-12', 3),
(510, 17, '2021-11-12', 3),
(511, 17, '2021-11-12', 3),
(512, 17, '2021-11-12', 3),
(513, 17, '2021-11-12', 3),
(514, 17, '2021-11-12', 3),
(515, 17, '2021-11-12', 3),
(516, 17, '2021-11-12', 3),
(517, 17, '2021-11-12', 3),
(518, 17, '2021-11-12', 3),
(519, 17, '2021-11-12', 3),
(520, 17, '2021-11-12', 3),
(521, 17, '2021-11-12', 3),
(522, 17, '2021-11-12', 3),
(523, 17, '2021-11-12', 3),
(524, 17, '2021-11-12', 3),
(525, 17, '2021-11-12', 3),
(526, 17, '2021-11-12', 3),
(527, 17, '2021-11-12', 3),
(528, 17, '2021-11-12', 3),
(529, 17, '2021-11-12', 3),
(530, 17, '2021-11-12', 3),
(531, 17, '2021-11-12', 3),
(532, 17, '2021-11-12', 3),
(533, 17, '2021-11-12', 3),
(534, 17, '2021-11-12', 3),
(535, 17, '2021-11-12', 3),
(536, 17, '2021-11-12', 3),
(537, 17, '2021-11-12', 3),
(538, 17, '2021-11-12', 3),
(539, 17, '2021-11-12', 3),
(540, 17, '2021-11-12', 3),
(541, 17, '2021-11-12', 3),
(542, 17, '2021-11-12', 3),
(543, 17, '2021-11-12', 3),
(544, 17, '2021-11-12', 3),
(545, 17, '2021-11-12', 3),
(546, 17, '2021-11-12', 3),
(547, 17, '2021-11-12', 3),
(548, 17, '2021-11-12', 3),
(549, 17, '2021-11-12', 3),
(550, 17, '2021-11-12', 3),
(551, 17, '2021-11-12', 3),
(552, 17, '2021-11-12', 3),
(553, 17, '2021-11-12', 3),
(554, 17, '2021-11-12', 3),
(555, 17, '2021-11-12', 3),
(556, 17, '2021-11-12', 3),
(557, 17, '2021-11-12', 3),
(558, 17, '2021-11-12', 3),
(559, 17, '2021-11-12', 3),
(560, 17, '2021-11-12', 3),
(561, 17, '2021-11-12', 3),
(562, 17, '2021-11-12', 3),
(563, 17, '2021-11-12', 3),
(564, 17, '2021-11-12', 3),
(565, 17, '2021-11-12', 3),
(566, 17, '2021-11-12', 3),
(567, 17, '2021-11-12', 3),
(568, 17, '2021-11-12', 3),
(569, 17, '2021-11-12', 3),
(570, 17, '2021-11-12', 3),
(571, 17, '2021-11-12', 3),
(572, 17, '2021-11-12', 3),
(573, 20, '2021-11-12', 3),
(574, 15, '2021-11-12', 3),
(575, 16, '2021-11-12', 3),
(576, 16, '2021-11-12', 4),
(577, 21, '2021-11-23', 4),
(578, 22, '2021-11-23', 4);

-- --------------------------------------------------------

--
-- Table structure for table `orders`
--

CREATE TABLE `orders` (
  `order_id` int(30) NOT NULL,
  `order_date` timestamp NOT NULL DEFAULT current_timestamp(),
  `total_amount` int(50) NOT NULL,
  `total_quantity` int(255) NOT NULL,
  `address` varchar(255) NOT NULL,
  `deliver_phone` int(15) NOT NULL,
  `customer_id` int(15) NOT NULL,
  `customer_name` varchar(255) NOT NULL,
  `status` int(11) NOT NULL DEFAULT 0
) ENGINE=InnoDB DEFAULT CHARSET=utf8mb4;

--
-- Dumping data for table `orders`
--

INSERT INTO `orders` (`order_id`, `order_date`, `total_amount`, `total_quantity`, `address`, `deliver_phone`, `customer_id`, `customer_name`, `status`) VALUES
(13, '2021-11-11 16:28:12', 175, 0, 'california', 16213, 4, 'b', 2),
(14, '2021-11-11 10:21:26', 0, 0, 'california', 16213, 4, 'b', 0),
(15, '2021-11-11 10:21:26', 850, 0, 'california', 16213, 4, 'b', 1),
(16, '2021-11-11 10:21:26', 190, 0, 'california', 16213, 4, 'b', 1),
(17, '2021-11-11 10:23:06', 120, 8, 'california', 16213, 4, 'b', 1),
(18, '2021-11-11 10:37:26', 300, 1, 'california', 16213, 4, 'b', 2),
(19, '2021-11-11 10:39:58', 15, 1, 'california', 16213, 4, 'b', 2),
(20, '2021-11-11 10:41:55', 200, 1, 'california', 16213, 4, 'b', 1),
(21, '2021-11-11 10:45:03', 15, 1, 'california', 16213, 4, 'b', 1),
(22, '2021-11-11 21:02:12', 415, 3, 'california', 16213, 4, 'b', 1),
(23, '2021-11-11 21:02:25', 40, 1, 'california', 16213, 4, 'b', 0),
(24, '2021-11-13 13:17:15', 930, 9, 'california', 16213, 4, 'b', 0),
(25, '2021-11-13 13:18:40', 15, 1, 'california', 16213, 4, 'b', 0),
(26, '2021-11-14 09:30:30', 15, 1, 'california', 16213, 4, 'b', 0),
(27, '2021-11-14 09:54:15', 60, 4, 'california', 16213, 4, 'b', 0),
(28, '2021-11-23 12:02:55', 200, 1, 'california', 16213, 4, 'b', 0);

-- --------------------------------------------------------

--
-- Table structure for table `order_detail`
--

CREATE TABLE `order_detail` (
  `order_detail_id` int(11) NOT NULL,
  `order_id` int(11) DEFAULT NULL,
  `product_id` int(11) NOT NULL,
  `price` int(12) NOT NULL,
  `quantity` int(50) NOT NULL
) ENGINE=InnoDB DEFAULT CHARSET=utf8mb4;

--
-- Dumping data for table `order_detail`
--

INSERT INTO `order_detail` (`order_detail_id`, `order_id`, `product_id`, `price`, `quantity`) VALUES
(5, 13, 41, 15, 1),
(6, 13, 37, 160, 1),
(7, 15, 36, 300, 2),
(8, 15, 37, 160, 1),
(9, 15, 38, 90, 1),
(10, 16, 40, 40, 1),
(11, 16, 41, 15, 10),
(12, 17, 41, 15, 8),
(13, 18, 36, 300, 1),
(14, 19, 41, 15, 1),
(15, 20, 42, 200, 1),
(16, 21, 41, 15, 1),
(17, 22, 41, 15, 1),
(18, 22, 42, 200, 2),
(19, 23, 40, 40, 1),
(20, 24, 37, 160, 5),
(21, 24, 40, 40, 1),
(22, 24, 43, 30, 3),
(23, 25, 41, 15, 1),
(24, 26, 41, 15, 1),
(25, 27, 41, 15, 4),
(26, 28, 42, 200, 1);

-- --------------------------------------------------------

--
-- Table structure for table `payment`
--

CREATE TABLE `payment` (
  `payment_id` int(11) NOT NULL,
  `payment_type` varchar(50) NOT NULL,
  `total_amount` varchar(12) NOT NULL
) ENGINE=InnoDB DEFAULT CHARSET=utf8mb4;

--
-- Dumping data for table `payment`
--

INSERT INTO `payment` (`payment_id`, `payment_type`, `total_amount`) VALUES
(2, '', '175'),
(3, '', '0'),
(4, 'paypal', '850'),
(5, 'credit-card', '190'),
(6, 'credit-card', '120'),
(7, 'credit-card', '300'),
(8, 'credit-card', '15'),
(9, 'credit-card', '200'),
(10, 'credit-card', '15'),
(11, 'credit-card', '415'),
(12, 'credit-card', '40'),
(13, 'credit-card', '930'),
(14, 'paypal', '15'),
(15, 'credit-card', '15'),
(16, 'credit-card', '60'),
(17, 'paypal', '200');

-- --------------------------------------------------------

--
-- Table structure for table `product`
--

CREATE TABLE `product` (
  `product_id` int(11) NOT NULL,
  `product_name` varchar(255) NOT NULL,
  `size` varchar(20) NOT NULL,
  `price` int(12) NOT NULL,
  `quantity` int(255) NOT NULL,
  `description` varchar(255) NOT NULL,
  `brand_id` int(15) NOT NULL,
  `category_id` int(15) NOT NULL,
  `image` varchar(255) NOT NULL
) ENGINE=InnoDB DEFAULT CHARSET=utf8mb4;

--
-- Dumping data for table `product`
--

INSERT INTO `product` (`product_id`, `product_name`, `size`, `price`, `quantity`, `description`, `brand_id`, `category_id`, `image`) VALUES
(36, 'Black Car Body Cover For Cars With Mirrors Pocket', 'L', 300, 50, 'Stylish design gives a new look to your car through body cover . Mirror Pockets are included to provide extra care to your Car. If you are looking for best quality, effective and all weather control car covers for your car, this is the right product. Thes', 6, 10, 'bc1.jpg'),
(37, 'Leather Car Seat Cover With Red and Black', '', 160, 50, 'The seat cover uses good-touch leather and high-quality sponge to enhance comfort and reduce driving fatigue. The meticulous sewing and unique appearance design can instantly enhance the interior decoration effect.', 6, 7, 'cs1.jpg'),
(38, 'PTT Lubricants GL-5 SAE 140', '', 90, 20, 'With the exclusively NANOSHIELD lubricating technology, the nano ceramic additive can form a protective film on the surface of the metal friction pair of the engine, so that the performance of lubricating, anti-friction, and heat-dissipation is much enhan', 10, 5, 'e2.jpg'),
(40, 'Car Air Filter For Cars', '', 40, 45, 'IMPROVE PERFORMANCE by changing your vehicle\'s air filter at least every 12,000 miles (or as recommended in your car owner\'s manual); to ensure your vehicle\'s engine has the clean and efficient air flow it needs for fast acceleration and power.', 6, 9, 'f4.jpg'),
(41, 'Ring Hook Car Key Chains', '', 15, 23, '', 6, 8, 'kc1.jpg'),
(42, 'Car Mats for Suv (4 pieces )', '', 200, 20, 'Made of premium, thick, heavy-duty rubber，long-lasting, fade-resistant design won’t crack, split, or warp under harsh conditions', 6, 11, 'm4.png'),
(43, 'Steering Wheel Cover With Green Leather Cover', '', 30, 50, '  ', 6, 6, 'sw5.jpg');

-- --------------------------------------------------------

--
-- Table structure for table `staff`
--

CREATE TABLE `staff` (
  `staff_id` int(11) NOT NULL,
  `staff_name` varchar(255) NOT NULL,
  `phone_no` int(12) NOT NULL,
  `email` varchar(50) NOT NULL,
  `password` varchar(50) NOT NULL,
  `address` varchar(255) NOT NULL
) ENGINE=InnoDB DEFAULT CHARSET=utf8mb4;

--
-- Dumping data for table `staff`
--

INSERT INTO `staff` (`staff_id`, `staff_name`, `phone_no`, `email`, `password`, `address`) VALUES
(3, 'Admin Bob ', 12312132, 'ajhd@gmail.com', '123', 'aksjdk\r\n'),
(4, 'Staff Alice', 12312132, 'ajhd@gmail.com', '456', 'aksjdk\r\n');

--
-- Indexes for dumped tables
--

--
-- Indexes for table `brand`
--
ALTER TABLE `brand`
  ADD PRIMARY KEY (`brand_id`);

--
-- Indexes for table `category`
--
ALTER TABLE `category`
  ADD PRIMARY KEY (`category_id`);

--
-- Indexes for table `customer`
--
ALTER TABLE `customer`
  ADD PRIMARY KEY (`customer_id`);

--
-- Indexes for table `delivery`
--
ALTER TABLE `delivery`
  ADD PRIMARY KEY (`delivery_id`);

--
-- Indexes for table `orders`
--
ALTER TABLE `orders`
  ADD PRIMARY KEY (`order_id`);

--
-- Indexes for table `order_detail`
--
ALTER TABLE `order_detail`
  ADD PRIMARY KEY (`order_detail_id`);

--
-- Indexes for table `payment`
--
ALTER TABLE `payment`
  ADD PRIMARY KEY (`payment_id`);

--
-- Indexes for table `product`
--
ALTER TABLE `product`
  ADD PRIMARY KEY (`product_id`);

--
-- Indexes for table `staff`
--
ALTER TABLE `staff`
  ADD PRIMARY KEY (`staff_id`);

--
-- AUTO_INCREMENT for dumped tables
--

--
-- AUTO_INCREMENT for table `brand`
--
ALTER TABLE `brand`
  MODIFY `brand_id` int(11) NOT NULL AUTO_INCREMENT, AUTO_INCREMENT=13;

--
-- AUTO_INCREMENT for table `category`
--
ALTER TABLE `category`
  MODIFY `category_id` int(11) NOT NULL AUTO_INCREMENT, AUTO_INCREMENT=12;

--
-- AUTO_INCREMENT for table `customer`
--
ALTER TABLE `customer`
  MODIFY `customer_id` int(30) NOT NULL AUTO_INCREMENT, AUTO_INCREMENT=5;

--
-- AUTO_INCREMENT for table `delivery`
--
ALTER TABLE `delivery`
  MODIFY `delivery_id` int(11) NOT NULL AUTO_INCREMENT, AUTO_INCREMENT=579;

--
-- AUTO_INCREMENT for table `orders`
--
ALTER TABLE `orders`
  MODIFY `order_id` int(30) NOT NULL AUTO_INCREMENT, AUTO_INCREMENT=29;

--
-- AUTO_INCREMENT for table `order_detail`
--
ALTER TABLE `order_detail`
  MODIFY `order_detail_id` int(11) NOT NULL AUTO_INCREMENT, AUTO_INCREMENT=27;

--
-- AUTO_INCREMENT for table `payment`
--
ALTER TABLE `payment`
  MODIFY `payment_id` int(11) NOT NULL AUTO_INCREMENT, AUTO_INCREMENT=18;

--
-- AUTO_INCREMENT for table `product`
--
ALTER TABLE `product`
  MODIFY `product_id` int(11) NOT NULL AUTO_INCREMENT, AUTO_INCREMENT=44;

--
-- AUTO_INCREMENT for table `staff`
--
ALTER TABLE `staff`
  MODIFY `staff_id` int(11) NOT NULL AUTO_INCREMENT, AUTO_INCREMENT=5;
COMMIT;

/*!40101 SET CHARACTER_SET_CLIENT=@OLD_CHARACTER_SET_CLIENT */;
/*!40101 SET CHARACTER_SET_RESULTS=@OLD_CHARACTER_SET_RESULTS */;
/*!40101 SET COLLATION_CONNECTION=@OLD_COLLATION_CONNECTION */;
